slab_thickness,vac_thickness,slab_index,surface_energy,slab_toten,slab_per_atom,time_taken
20,30,15,0.4119406752267468,-193.55099455,-8.797772479545456,168.599
20,20,15,0.4114404487177107,-193.55188216,-8.797812825454544,135.569
20,50,15,0.4116955974313344,-193.55142942,-8.797792246363636,199.200
30,20,15,0.40673696359371214,-387.84217684,-8.814594928181817,293.511
30,30,15,0.40686796442969597,-387.84194439,-8.814589645227272,354.419
30,50,15,0.40658688606036963,-387.84244314,-8.814600980454545,473.562
50,30,15,0.4020128012458808,-582.13250821,-8.820189518333333,807.566
50,20,15,0.4015889660610183,-582.13326027,-8.82020091318182,569.050
50,50,15,0.4011918777021106,-582.13396487,-8.820211588939394,995.417
